title,company,tags,url
Senior Python Backend Engineer,Orga AI,"['Python', 'Senior', 'Backend', 'Ops', 'Startup', 'AWS']",https://remoteok.io/remote-jobs/remote-senior-python-backend-engineer-orga-ai-1093458
Svelte Developer,Green Stuff World,"['JavaScript', 'Typescript', 'Svelte', 'Tailwind', 'Kotlin']",https://remoteok.io/remote-jobs/remote-svelte-developer-green-stuff-world-1093508
Principal Software Engineer,CEF.Ai,['Other'],https://remoteok.io/remote-jobs/remote-principal-software-engineer-cef-ai-1093744
WordPress Plugins & Themes developer,Melapress,"['DevOps', 'Wordpress', 'PHP', 'JavaScript', 'Full Time', 'Ecommerce', 'API', 'English']",https://remoteok.io/remote-jobs/remote-wordpress-plugins-themes-developer-melapress-1093690
Software engineer,Sticker Mule,"['Engineer', 'Postgres', 'Docker', 'Redis', 'Kubernetes', 'GCP']",https://remoteok.io/remote-jobs/remote-software-engineer-sticker-mule-1093738
Web Developer,MailerLite,['Front End'],https://remoteok.io/remote-jobs/remote-web-developer-mailerlite-1093712
Senior Fullstack Developer,Swipe Games,"['Front End', 'Backend', 'Full Stack', 'JavaScript', 'Node', 'React']",https://remoteok.io/remote-jobs/remote-senior-fullstack-developer-swipe-games-1093439
Software Engineer Data Infrastructure & Acquisition,Speechify,[],https://remoteok.io/remote-jobs/remote-software-engineer-data-infrastructure-acquisition-speechify-1093699
Content Producer Technical Content Engineer Junior Dev,Private.Ki,"['Other', 'Writer', 'Writing', 'Marketing']",https://remoteok.io/remote-jobs/remote-content-producer-technical-content-engineer-junior-dev-private-ki-1093677
Senior Full Stack Engineer,AMK Solutions,[],https://remoteok.io/remote-jobs/remote-senior-full-stack-engineer-amk-solutions-1093412
Backend Developer @ lobstr.io Python Scraping Celery,lobstr.io,"['Python', 'Backend', 'Redis', 'Remote', 'API', 'Tech Lead', 'Docker', 'Cybersecurity', 'Architecture']",https://remoteok.io/remote-jobs/remote-backend-developer-lobstr-io-python-scraping-celery-lobstr-io-1093607
Javascript Fullstack Engineer Senior,Lumenalta,"['Engineer', 'JavaScript']",https://remoteok.io/remote-jobs/remote-javascript-fullstack-engineer-senior-lumenalta-1092919
Senior Backend Engineer,HockeyStack,"['JavaScript', 'Backend', 'API', 'Engineer']",https://remoteok.io/remote-jobs/remote-senior-backend-engineer-hockeystack-1093257
Tech Cofounder CTO,Founders Factory,"['Full Stack', 'API', 'Engineer', 'Senior', 'Mobile']",https://remoteok.io/remote-jobs/remote-tech-cofounder-cto-founders-factory-1093267
Senior React Native SDK Engineer,Nami ML,"['JavaScript', 'React Native', 'Mobile', 'Typescript']",https://remoteok.io/remote-jobs/remote-senior-react-native-sdk-engineer-nami-ml-1093276
Spanish Speaking Software Support Engineer,Payara,"['Engineer', 'Java']",https://remoteok.io/remote-jobs/remote-spanish-speaking-software-support-engineer-payara-1093246
Administrative Executive,Prime Design & Build,"['Sys Admin', 'Design', 'Executive', 'Admin', 'Virtual Assistant', 'Other', 'Non Tech']",https://remoteok.io/remote-jobs/remote-administrative-executive-prime-design-build-1092987
Senior Software Engineer,Emergent Software,"['Software', 'Design', 'React', 'Front End', 'Training', 'Consulting', 'Technical', 'UX', 'Code', 'Web', 'Scrum', 'DevOps', 'JavaScript', 'Cloud', 'Microsoft', 'Mobile', 'Management', 'Lead', 'Senior', 'Healthcare', 'Engineer', 'Engineering', 'Backend']",https://remoteok.io/remote-jobs/remote-senior-software-engineer-emergent-software-1092940
Full Stack Developer,Incyte Studios,"['Engineer', 'Full Stack']",https://remoteok.io/remote-jobs/remote-full-stack-developer-incyte-studios-1086821
Senior PHP Laravel Developer Full Stack,Interaction Design Foundation,"['Full Stack', 'PHP', 'Laravel', 'Tailwind', 'Design']",https://remoteok.io/remote-jobs/remote-senior-php-laravel-developer-full-stack-interaction-design-foundation-1084150
